{"columns":["date","change"],"index":[0,1,2,3,4,5,6,7,8,9,10,11,12,13,14,15,16,17,18,19,20,21,22,23,24,25,26,27,28,29,30,31,32,33,34,35,36,37,38,39,40,41,42,43,44,45,46,47,48,49,50,51,52,53,54,55,56,57,58,59,60,61,62,63,64,65,66,67,68,69,70,71,72,73,74,75,76,77,78,79,80,81,82,83,84,85,86,87,88,89,90,91,92,93,94,95,96,97,98,99,100,101,102,103,104,105,106,107,108,109,110,111,112,113,114,115,116,117,118,119,120,121,122,123,124],"data":[[1564642800000.0,1.0113945923],[1564729200000.0,1.0288605337],[1564815600000.0,1.0137177697],[1564902000000.0,1.0761582763],[1564988400000.0,0.9722607396],[1565074800000.0,1.0404071381],[1565161200000.0,1.0020465635],[1565247600000.0,0.9913532964],[1565334000000.0,0.9571000106],[1565420400000.0,1.0149339177],[1565506800000.0,0.9877676902],[1565593200000.0,0.9572339233],[1565679600000.0,0.9225272421],[1565766000000.0,1.0258513485],[1565852400000.0,1.0060892882],[1565938800000.0,0.9862545473],[1566025200000.0,1.0111486414],[1566111600000.0,1.0551179656],[1566198000000.0,0.9860004306],[1566284400000.0,0.9419152058],[1566370800000.0,0.9993105183],[1566457200000.0,1.0273327766],[1566543600000.0,0.9761711458],[1566630000000.0,0.9978897555],[1566716400000.0,1.0229126145],[1566802800000.0,0.9821306319],[1566889200000.0,0.95767709],[1566975600000.0,0.9749631449],[1567062000000.0,1.0092500683],[1567148400000.0,1.0033850203],[1567234800000.0,1.0132192394],[1567321200000.0,1.0603393944],[1567407600000.0,1.026750403],[1567494000000.0,0.9972655066],[1567580400000.0,0.9982103905],[1567666800000.0,0.978986396],[1567753200000.0,1.0158355307],[1567839600000.0,0.9927766289],[1567926000000.0,0.9898182981],[1568012400000.0,0.9788107755],[1568098800000.0,1.0061674697],[1568185200000.0,1.0227698541],[1568271600000.0,0.9952373313],[1568358000000.0,0.9997587001],[1568444400000.0,0.9990017426],[1568530800000.0,0.9931463097],[1568617200000.0,0.9965436678],[1568703600000.0,0.9957993491],[1568790000000.0,1.0066834996],[1568876400000.0,0.9917429754],[1568962800000.0,0.9840968646],[1569049200000.0,1.0050570275],[1569135600000.0,0.9661314011],[1569222000000.0,0.8860403399],[1569308400000.0,0.9845045049],[1569394800000.0,0.9566371588],[1569481200000.0,1.0163666081],[1569567600000.0,0.9992813733],[1569654000000.0,0.9828121059],[1569740400000.0,1.0234051768],[1569826800000.0,1.0059574119],[1569913200000.0,1.0059640813],[1569999600000.0,0.9841475794],[1570086000000.0,0.9934564085],[1570172400000.0,0.9933657814],[1570258800000.0,0.9799619702],[1570345200000.0,1.0322302007],[1570431600000.0,0.9979577036],[1570518000000.0,1.044594703],[1570604400000.0,0.9989215588],[1570690800000.0,0.969171266],[1570777200000.0,1.0017784699],[1570863600000.0,0.9981347222],[1570950000000.0,1.0064511399],[1571036400000.0,0.9797819382],[1571122800000.0,0.9807638169],[1571209200000.0,1.0070058763],[1571295600000.0,0.9838719828],[1571382000000.0,1.001925197],[1571468400000.0,1.0292318015],[1571554800000.0,1.0026319374],[1571641200000.0,0.9799216858],[1571727600000.0,0.9302406477],[1571814000000.0,0.997181513],[1571900400000.0,1.1557632025],[1571986800000.0,1.0674622144],[1572073200000.0,1.0331791234],[1572159600000.0,0.9690568495],[1572246000000.0,1.0185325432],[1572332400000.0,0.9764565869],[1572418800000.0,0.9993319378],[1572505200000.0,1.0066872618],[1572591600000.0,1.0068695943],[1572678000000.0,0.990415798],[1572764400000.0,1.0191936418],[1572854400000.0,0.9925546687],[1572940800000.0,1.0019641361],[1573027200000.0,0.9900308518],[1573113600000.0,0.9500753165],[1573200000000.0,1.0009880884],[1573286400000.0,1.0274519548],[1573372800000.0,0.9671206434],[1573459200000.0,1.0066078314],[1573545600000.0,0.9991605847],[1573632000000.0,0.9886288552],[1573718400000.0,0.9751828757],[1573804800000.0,1.0069206393],[1573891200000.0,1.0031833428],[1573977600000.0,0.9686767747],[1574064000000.0,0.9875873871],[1574150400000.0,0.9782017146],[1574236800000.0,0.952098285],[1574323200000.0,0.954706094],[1574409600000.0,1.0138722525],[1574496000000.0,0.9527048582],[1574582400000.0,1.0139346077],[1574668800000.0,1.0101089681],[1574755200000.0,1.0434017652],[1574841600000.0,0.9908984208],[1574928000000.0,1.0399471534],[1575014400000.0,0.9753119347],[1575100800000.0,0.9807995899],[1575187200000.0,0.9862209046],[1575273600000.0,0.9997487022],[1575360000000.0,0.9906941798]]}