{"columns":["date","interest","Market Cap"],"index":[114,115,116,117,118,119,120,121,122,123,124,125,126,127,128,129,130,131,132,133,134,135,136,137,138,139,140,141,142,143,144,145,146,147,148,149,150,151,152,153,154,155,156,157,158,159,160,161,162,163,164,165,166,167,168,169,170,171,172,173,174,175,176,177,178,179,180,181,182,183,184,185,186,187,188,189,190,191,192,193],"data":[[1367391600000.0,3,1.4796845222],[1370070000000.0,2,1.6539283873],[1372662000000.0,2,1.1392092891],[1375340400000.0,2,1.3615227485],[1378018800000.0,2,0.7646215342],[1380610800000.0,3,0.7657125496],[1383289200000.0,10,1.155196383],[1385884800000.0,12,5.5296341871],[1388563200000.0,8,4.428629292],[1391241600000.0,10,4.7925346717],[1393660800000.0,7,3.2856780884],[1396335600000.0,4,2.7913536666],[1398927600000.0,3,2.6814800986],[1401606000000.0,3,3.7099842236],[1404198000000.0,3,3.8064453384],[1406876400000.0,3,3.5783679542],[1409554800000.0,3,2.9593977765],[1412146800000.0,3,2.4251455844],[1414825200000.0,3,2.0892741665],[1417420800000.0,3,2.608696315],[1420099200000.0,3,2.4745989414],[1422777600000.0,3,1.7253872207],[1425196800000.0,2,1.9141820397],[1427871600000.0,2,1.6340696405],[1430463600000.0,2,1.5509345704],[1433142000000.0,2,1.5002561235],[1435734000000.0,3,1.7708627375],[1438412400000.0,2,1.9140874139],[1441090800000.0,2,0.8374586135],[1443682800000.0,2,0.8463963615],[1446361200000.0,3,1.151718292],[1448956800000.0,3,1.2777598023],[1451635200000.0,3,1.5498840905],[1454313600000.0,2,1.3779435069],[1456819200000.0,2,1.711478948],[1459494000000.0,2,1.7327508722],[1462086000000.0,3,1.8104852784],[1464764400000.0,4,2.2141163401],[1467356400000.0,3,2.7064993642],[1470034800000.0,2,2.4376640911],[1472713200000.0,2,2.3455715091],[1475305200000.0,2,2.5472023654],[1477983600000.0,3,2.9311555864],[1480579200000.0,3,2.9865347067],[1483257600000.0,5,3.8768790463],[1485936000000.0,4,3.9191787223],[1488355200000.0,5,4.9200335592],[1491030000000.0,4,5.2548617565],[1493622000000.0,11,7.3692829116],[1496300400000.0,12,16.6279731851],[1498892400000.0,9,17.2459148929],[1501570800000.0,16,18.0954801835],[1504249200000.0,15,31.3597871542],[1506841200000.0,16,26.6684034622],[1509519600000.0,40,35.8655099261],[1512115200000.0,100,60.0407074699],[1514793600000.0,49,100.0],[1517472000000.0,36,72.1511653334],[1519891200000.0,20,75.3852114044],[1522566000000.0,16,42.2971707587],[1525158000000.0,12,63.882808652],[1527836400000.0,12,52.5829209092],[1530428400000.0,11,42.9450365872],[1533106800000.0,11,47.1062645507],[1535785200000.0,9,41.2961890701],[1538377200000.0,7,39.336216212],[1541055600000.0,10,36.1411308502],[1543651200000.0,11,24.0441870421],[1546329600000.0,7,23.108333402],[1549008000000.0,7,20.3078321677],[1551427200000.0,6,22.7056513663],[1554102000000.0,10,24.2149104568],[1556694000000.0,14,30.2911511901],[1559372400000.0,16,47.6505933438],[1561964400000.0,14,56.4979417803],[1564642800000.0,11,52.9842796073],[1567321200000.0,9,48.623977234],[1569913200000.0,8,42.834094648],[1572591600000.0,8,47.5471940067],[1575187200000.0,7,38.378835767]]}